{
    "Avg_EM_Accuracy": 0.16747257173946634,
    "Avg_F1_Accuracy": 0.01594264069264069,
    "Avg_Sim_Hash_Score_Accuracy": 31.205,
    "Avg_Perplexity_Score_Accuracy": 3.227101422379673
}