{
    "Avg_EM_Accuracy": 0.35517772132760683,
    "Avg_F1_Accuracy": 0.2606776390029211,
    "Avg_Sim_Hash_Score_Accuracy": 24.605,
    "Avg_Perplexity_Score_Accuracy": 3.086699017138216
}